gene_symbol	i_am_tf	gene_description	chromosome_name	upstream	upstream_source	downstream	organism	p_value
HK1	0	"hexokinase 1"	chr10	4	"Kulakovskiy 2013"	0	"Homo sapiens"	0.00001
TBCE	0	"tubulin folding cofactor E"	chr1	1	"Kulakovskiy 2013"	0	"Homo sapiens"	0.00001
FAM222B	0	"family with sequence similarity 222, member B"	chr17	5	"Kulakovskiy 2013"	0	"Homo sapiens"	0.00001
DPY19L3	0	"dpy-19-like 3 (C. elegans)"	chr19	5	"Kulakovskiy 2013"	0	"Homo sapiens"	0.00001
EPOR	0	"erythropoietin receptor"	chr19	3	"Kulakovskiy 2013"	0	"Homo sapiens"	0.00001
KARS	0	"lysyl-tRNA synthetase"	chr16	1	"Kulakovskiy 2013"	0	"Homo sapiens"	0.00001
ELAVL1	0	"ELAV like RNA binding protein 1"	chr19	5	"Kulakovskiy 2013"	0	"Homo sapiens"	0.00001
ACACA	0	"acetyl-CoA carboxylase alpha"	chr17	5	"Kulakovskiy 2013"	0	"Homo sapiens"	0.00001
CTPS1	0	"CTP synthase 1"	chr1	2	"Kulakovskiy 2013"	0	"Homo sapiens"	0.00001
PTPDC1	0	"protein tyrosine phosphatase domain containing 1"	chr9	2	"Kulakovskiy 2013"	0	"Homo sapiens"	0.00001
SGK1	0	"serum/glucocorticoid regulated kinase 1"	chr6	4	"Kulakovskiy 2013"	0	"Homo sapiens"	0.00001
HAO1	0	"hydroxyacid oxidase (glycolate oxidase) 1"	chr20	2	"Kulakovskiy 2013"	0	"Homo sapiens"	0.00001
TBC1D31	0	"TBC1 domain family, member 31"	chr8	1	"Kulakovskiy 2013"	0	"Homo sapiens"	0.00001
GUCY1A3	0	"guanylate cyclase 1, soluble, alpha 3"	chr4	4	"Kulakovskiy 2013"	0	"Homo sapiens"	0.00001
WDR59	0	"WD repeat domain 59"	chr16	3	"Kulakovskiy 2013"	0	"Homo sapiens"	0.00001
MR1	0	"major histocompatibility complex, class I-related"	chr1	1	"Kulakovskiy 2013"	0	"Homo sapiens"	0.00001
KLHL5	0	"kelch-like family member 5"	chr4	5	"Kulakovskiy 2013"	0	"Homo sapiens"	0.00001
CPSF7	0	"cleavage and polyadenylation specific factor 7, 59kDa"	chr11	6	"Kulakovskiy 2013"	0	"Homo sapiens"	0.00001
GORASP1	0	"golgi reassembly stacking protein 1, 65kDa"	chr3	9	"Kulakovskiy 2013"	0	"Homo sapiens"	0.00001
DGKA	0	"diacylglycerol kinase, alpha 80kDa"	chr12	3	"Kulakovskiy 2013"	0	"Homo sapiens"	0.00001
FN1	0	"fibronectin 1"	chr2	3	"Kulakovskiy 2013"	0	"Homo sapiens"	0.00001
PARP14	0	"poly (ADP-ribose) polymerase family, member 14"	chr3	4	"Kulakovskiy 2013"	0	"Homo sapiens"	0.00001
LEPROT	0	"leptin receptor overlapping transcript"	chr1	2	"Kulakovskiy 2013"	0	"Homo sapiens"	0.00001
CAMTA1	0	"calmodulin binding transcription activator 1"	chr1	3	"Kulakovskiy 2013"	0	"Homo sapiens"	0.00001
ZNF343	0	"zinc finger protein 343"	chr20	4	"Kulakovskiy 2013"	0	"Homo sapiens"	0.00001
RNF39	0	"ring finger protein 39"	chr6	8	"Kulakovskiy 2013"	0	"Homo sapiens"	0.00001
BDNF	0	"brain-derived neurotrophic factor"	chr11	15	"Kulakovskiy 2013"	0	"Homo sapiens"	0.00001
BOLA2B	0	"bolA family member 2B"	chr16	1	"Kulakovskiy 2013"	0	"Homo sapiens"	0.00001
TCF4	1	"transcription factor 4"	chr18	13	"Kulakovskiy 2013"	92	"Homo sapiens"	0.00001
C6	0	"complement component 6"	chr5	1	"Kulakovskiy 2013"	0	"Homo sapiens"	0.00001
DPYSL2	0	"dihydropyrimidinase-like 2"	chr8	9	"Kulakovskiy 2013"	0	"Homo sapiens"	0.00001
TBX3	1	"T-box 3"	chr12	3	"Kulakovskiy 2013"	117	"Homo sapiens"	0.00001
C4orf32	0	"chromosome 4 open reading frame 32"	chr4	4	"Kulakovskiy 2013"	0	"Homo sapiens"	0.00001
CT45A5	0	"cancer/testis antigen family 45, member A5"	chrX	3	"Kulakovskiy 2013"	0	"Homo sapiens"	0.00001
LOC102723631	0		chrX	3	"Kulakovskiy 2013"	0	"Homo sapiens"	0.00001
VAT1L	0	"vesicle amine transport 1-like"	chr16	2	"Kulakovskiy 2013"	0	"Homo sapiens"	0.00001
GGTLC1	0	"gamma-glutamyltransferase light chain 1"	chr20	2	"Kulakovskiy 2013"	0	"Homo sapiens"	0.00001
OTUB1	0	"OTU deubiquitinase, ubiquitin aldehyde binding 1"	chr11	2	"Kulakovskiy 2013"	0	"Homo sapiens"	0.00001
CREB3L3	0	"cAMP responsive element binding protein 3-like 3"	chr19	2	"Kulakovskiy 2013"	0	"Homo sapiens"	0.00001
DDI1	0	"DNA-damage inducible 1 homolog 1"	chr11	2	"Kulakovskiy 2013"	0	"Homo sapiens"	0.00001
BANP	0	"BTG3 associated nuclear protein"	chr16	8	"Kulakovskiy 2013"	0	"Homo sapiens"	0.00001
CASP7	0	"caspase 7, apoptosis-related cysteine peptidase"	chr10	2	"Kulakovskiy 2013"	0	"Homo sapiens"	0.00001
WISP3	0	"WNT1 inducible signaling pathway protein 3"	chr6	5	"Kulakovskiy 2013"	0	"Homo sapiens"	0.00001
MYOZ1	0	"myozenin 1"	chr10	4	"Kulakovskiy 2013"	0	"Homo sapiens"	0.00001
SLC25A2	0	"solute carrier family 25 (mitochondrial carrier; ornithine transporter) member 2"	chr5	2	"Kulakovskiy 2013"	0	"Homo sapiens"	0.00001
CRELD1	0	"cysteine-rich with EGF-like domains 1"	chr3	4	"Kulakovskiy 2013"	0	"Homo sapiens"	0.00001
LDLRAD4	0	"low density lipoprotein receptor class A domain containing 4"	chr18	8	"Kulakovskiy 2013"	0	"Homo sapiens"	0.00001
SMIM12	0	"small integral membrane protein 12"	chr1	7	"Kulakovskiy 2013"	0	"Homo sapiens"	0.00001
LRIF1	0	"ligand dependent nuclear receptor interacting factor 1"	chr1	2	"Kulakovskiy 2013"	0	"Homo sapiens"	0.00001
B3GAT3	0	"beta-1,3-glucuronyltransferase 3"	chr11	4	"Kulakovskiy 2013"	0	"Homo sapiens"	0.00001
SDCBP	0	"syndecan binding protein (syntenin)"	chr8	5	"Kulakovskiy 2013"	0	"Homo sapiens"	0.00001
PTGS1	0	"prostaglandin-endoperoxide synthase 1 (prostaglandin G/H synthase and cyclooxygenase)"	chr9	5	"Kulakovskiy 2013"	0	"Homo sapiens"	0.00001
HYOU1	0	"hypoxia up-regulated 1"	chr11	3	"Kulakovskiy 2013"	0	"Homo sapiens"	0.00001
CDC25B	0	"cell division cycle 25B"	chr20	9	"Kulakovskiy 2013"	0	"Homo sapiens"	0.00001
MAST4	0	"microtubule associated serine/threonine kinase family member 4"	chr5	4	"Kulakovskiy 2013"	0	"Homo sapiens"	0.00001
FAR2	0	"fatty acyl CoA reductase 2"	chr12	4	"Kulakovskiy 2013"	0	"Homo sapiens"	0.00001
LMAN2L	0	"lectin, mannose-binding 2-like"	chr2	3	"Kulakovskiy 2013"	0	"Homo sapiens"	0.00001
POLR2G	0	"polymerase (RNA) II (DNA directed) polypeptide G"	chr11	2	"Kulakovskiy 2013"	0	"Homo sapiens"	0.00001
TOMM5	0	"translocase of outer mitochondrial membrane 5 homolog (yeast)"	chr9	1	"Kulakovskiy 2013"	0	"Homo sapiens"	0.00001
PPP1R12A	0	"protein phosphatase 1, regulatory subunit 12A"	chr12	6	"Kulakovskiy 2013"	0	"Homo sapiens"	0.00001
RALY	0	"RALY heterogeneous nuclear ribonucleoprotein"	chr20	5	"Kulakovskiy 2013"	0	"Homo sapiens"	0.00001
REV1	0	"REV1, polymerase (DNA directed)"	chr2	4	"Kulakovskiy 2013"	0	"Homo sapiens"	0.00001
ZNF83	0	"zinc finger protein 83"	chr19	4	"Kulakovskiy 2013"	0	"Homo sapiens"	0.00001
TMEM223	0	"transmembrane protein 223"	chr11	3	"Kulakovskiy 2013"	0	"Homo sapiens"	0.00001
SMARCA2	0	"SWI/SNF related, matrix associated, actin dependent regulator of chromatin, subfamily a, member 2"	chr9	8	"Kulakovskiy 2013"	0	"Homo sapiens"	0.00001
TMEM52B	0	"transmembrane protein 52B"	chr12	4	"Kulakovskiy 2013"	0	"Homo sapiens"	0.00001
HDHD2	0	"haloacid dehalogenase-like hydrolase domain containing 2"	chr18	4	"Kulakovskiy 2013"	0	"Homo sapiens"	0.00001
ZNF551	0	"zinc finger protein 551"	chr19	4	"Kulakovskiy 2013"	0	"Homo sapiens"	0.00001
BTK	0	"Bruton agammaglobulinemia tyrosine kinase"	chrX	6	"Kulakovskiy 2013"	0	"Homo sapiens"	0.00001
DMXL2	0	"Dmx-like 2"	chr15	4	"Kulakovskiy 2013"	0	"Homo sapiens"	0.00001
ADRB2	0	"adrenoceptor beta 2, surface"	chr5	4	"Kulakovskiy 2013"	0	"Homo sapiens"	0.00001
SHC3	0	"SHC (Src homology 2 domain containing) transforming protein 3"	chr9	1	"Kulakovskiy 2013"	0	"Homo sapiens"	0.00001
CTH	0	"cystathionine gamma-lyase"	chr1	3	"Kulakovskiy 2013"	0	"Homo sapiens"	0.00001
RPRD2	0	"regulation of nuclear pre-mRNA domain containing 2"	chr1	1	"Kulakovskiy 2013"	0	"Homo sapiens"	0.00001
TGIF1	0	"TGFB-induced factor homeobox 1"	chr18	16	"Kulakovskiy 2013"	0	"Homo sapiens"	0.00001
GBAS	0	"glioblastoma amplified sequence"	chr7	4	"Kulakovskiy 2013"	0	"Homo sapiens"	0.00001
IDH3B	0	"isocitrate dehydrogenase 3 (NAD+) beta"	chr20	3	"Kulakovskiy 2013"	0	"Homo sapiens"	0.00001
ZNF451	0	"zinc finger protein 451"	chr6	4	"Kulakovskiy 2013"	0	"Homo sapiens"	0.00001
PLEKHS1	0	"pleckstrin homology domain containing, family S member 1"	chr10	6	"Kulakovskiy 2013"	0	"Homo sapiens"	0.00001
SLC38A4	0	"solute carrier family 38, member 4"	chr12	2	"Kulakovskiy 2013"	0	"Homo sapiens"	0.00001
SMYD3	0	"SET and MYND domain containing 3"	chr1	8	"Kulakovskiy 2013"	0	"Homo sapiens"	0.00001
EXD2	0	"exonuclease 3'-5' domain containing 2"	chr14	6	"Kulakovskiy 2013"	0	"Homo sapiens"	0.00001
IZUMO3	0	"IZUMO family member 3"	chr9	2	"Kulakovskiy 2013"	0	"Homo sapiens"	0.00001
ALG9	0	"ALG9, alpha-1,2-mannosyltransferase"	chr11	4	"Kulakovskiy 2013"	0	"Homo sapiens"	0.00001
CWC25	0	"CWC25 spliceosome-associated protein homolog"	chr17	5	"Kulakovskiy 2013"	0	"Homo sapiens"	0.00001
NLRP2	0	"NLR family, pyrin domain containing 2"	chr19	5	"Kulakovskiy 2013"	0	"Homo sapiens"	0.00001
SLC39A14	0	"solute carrier family 39 (zinc transporter), member 14"	chr8	4	"Kulakovskiy 2013"	0	"Homo sapiens"	0.00001
TTF1	0	"transcription termination factor, RNA polymerase I"	chr9	1	"Kulakovskiy 2013"	0	"Homo sapiens"	0.00001
ACMSD	0	"aminocarboxymuconate semialdehyde decarboxylase"	chr2	1	"Kulakovskiy 2013"	0	"Homo sapiens"	0.00001
TMCC2	0	"transmembrane and coiled-coil domain family 2"	chr1	7	"Kulakovskiy 2013"	0	"Homo sapiens"	0.00001
CEP55	0	"centrosomal protein 55kDa"	chr10	5	"Kulakovskiy 2013"	0	"Homo sapiens"	0.00001
ZNF835	0	"zinc finger protein 835"	chr19	1	"Kulakovskiy 2013"	0	"Homo sapiens"	0.00001
IFNA4	0	"interferon, alpha 4"	chr9	2	"Kulakovskiy 2013"	0	"Homo sapiens"	0.00001
MECOM	1	"MDS1 and EVI1 complex locus"	chr3	2	"Kulakovskiy 2013"	4	"Homo sapiens"	0.00001
SEPT4	0	"septin 4"	chr17	8	"Kulakovskiy 2013"	0	"Homo sapiens"	0.00001
NDST2	0	"N-deacetylase/N-sulfotransferase (heparan glucosaminyl) 2"	chr10	2	"Kulakovskiy 2013"	0	"Homo sapiens"	0.00001
RPS7	0	"ribosomal protein S7"	chr2	1	"Kulakovskiy 2013"	0	"Homo sapiens"	0.00001
CCR7	0	"chemokine (C-C motif) receptor 7"	chr17	3	"Kulakovskiy 2013"	0	"Homo sapiens"	0.00001
MGP	0	"matrix Gla protein"	chr12	2	"Kulakovskiy 2013"	0	"Homo sapiens"	0.00001
SESN1	0	"sestrin 1"	chr6	5	"Kulakovskiy 2013"	0	"Homo sapiens"	0.00001
OR52N5	0	"olfactory receptor, family 52, subfamily N, member 5"	chr11	1	"Kulakovskiy 2013"	0	"Homo sapiens"	0.00001
COLQ	0	"collagen-like tail subunit (single strand of homotrimer) of asymmetric acetylcholinesterase"	chr3	6	"Kulakovskiy 2013"	0	"Homo sapiens"	0.00001
MAP1S	0	"microtubule-associated protein 1S"	chr19	2	"Kulakovskiy 2013"	0	"Homo sapiens"	0.00001
POU4F1	0	"POU class 4 homeobox 1"	chr13	4	"Kulakovskiy 2013"	0	"Homo sapiens"	0.00001
USMG5	0	"up-regulated during skeletal muscle growth 5 homolog (mouse)"	chr10	3	"Kulakovskiy 2013"	0	"Homo sapiens"	0.00001
AHCYL2	0	"adenosylhomocysteinase-like 2"	chr7	5	"Kulakovskiy 2013"	0	"Homo sapiens"	0.00001
TMEM14C	0	"transmembrane protein 14C"	chr6	1	"Kulakovskiy 2013"	0	"Homo sapiens"	0.00001
SLC9C2	0	"solute carrier family 9, member C2 (putative)"	chr1	1	"Kulakovskiy 2013"	0	"Homo sapiens"	0.00001
ZNF71	0	"zinc finger protein 71"	chr19	3	"Kulakovskiy 2013"	0	"Homo sapiens"	0.00001
PMCH	0	"pro-melanin-concentrating hormone"	chr12	1	"Kulakovskiy 2013"	0	"Homo sapiens"	0.00001
LYPLA2	0	"lysophospholipase II"	chr1	2	"Kulakovskiy 2013"	0	"Homo sapiens"	0.00001
LONP1	0	"lon peptidase 1, mitochondrial"	chr19	8	"Kulakovskiy 2013"	0	"Homo sapiens"	0.00001
CYB5A	0	"cytochrome b5 type A (microsomal)"	chr18	1	"Kulakovskiy 2013"	0	"Homo sapiens"	0.00001
KCNT2	0	"potassium channel, sodium activated subfamily T, member 2"	chr1	3	"Kulakovskiy 2013"	0	"Homo sapiens"	0.00001
YTHDF3	0	"YTH N(6)-methyladenosine RNA binding protein 3"	chr8	5	"Kulakovskiy 2013"	0	"Homo sapiens"	0.00001
RASGRP2	0	"RAS guanyl releasing protein 2 (calcium and DAG-regulated)"	chr11	10	"Kulakovskiy 2013"	0	"Homo sapiens"	0.00001
PIDD1	0	"p53-induced death domain protein 1"	chr11	3	"Kulakovskiy 2013"	0	"Homo sapiens"	0.00001
PLAUR	0	"plasminogen activator, urokinase receptor"	chr19	6	"Kulakovskiy 2013"	0	"Homo sapiens"	0.00001
LAGE3	0	"L antigen family, member 3"	chrX	2	"Kulakovskiy 2013"	0	"Homo sapiens"	0.00001
RASGRP3	0	"RAS guanyl releasing protein 3 (calcium and DAG-regulated)"	chr2	6	"Kulakovskiy 2013"	0	"Homo sapiens"	0.00001
C14orf37	0	"chromosome 14 open reading frame 37"	chr14	1	"Kulakovskiy 2013"	0	"Homo sapiens"	0.00001
EXTL2	0	"exostosin-like glycosyltransferase 2"	chr1	5	"Kulakovskiy 2013"	0	"Homo sapiens"	0.00001
GOLGA6C	0	"golgin A6 family, member C"	chr15	4	"Kulakovskiy 2013"	0	"Homo sapiens"	0.00001
C16orf45	0	"chromosome 16 open reading frame 45"	chr16	7	"Kulakovskiy 2013"	0	"Homo sapiens"	0.00001
SREBF1	1	"sterol regulatory element binding transcription factor 1"	chr17	2	"Kulakovskiy 2013"	107	"Homo sapiens"	0.00001
C11orf63	0	"chromosome 11 open reading frame 63"	chr11	3	"Kulakovskiy 2013"	0	"Homo sapiens"	0.00001
ZNF704	0	"zinc finger protein 704"	chr8	5	"Kulakovskiy 2013"	0	"Homo sapiens"	0.00001
RFPL3	0	"ret finger protein-like 3"	chr22	8	"Kulakovskiy 2013"	0	"Homo sapiens"	0.00001
KIAA0226	0	KIAA0226	chr3	5	"Kulakovskiy 2013"	0	"Homo sapiens"	0.00001
YME1L1	0	"YME1-like 1 ATPase"	chr10	2	"Kulakovskiy 2013"	0	"Homo sapiens"	0.00001
ZNF510	0	"zinc finger protein 510"	chr9	2	"Kulakovskiy 2013"	0	"Homo sapiens"	0.00001
APAF1	0	"apoptotic peptidase activating factor 1"	chr12	3	"Kulakovskiy 2013"	0	"Homo sapiens"	0.00001
CIR1	0	"corepressor interacting with RBPJ, 1"	chr2	2	"Kulakovskiy 2013"	0	"Homo sapiens"	0.00001
GNA11	0	"guanine nucleotide binding protein (G protein), alpha 11 (Gq class)"	chr19	3	"Kulakovskiy 2013"	0	"Homo sapiens"	0.00001
TBL2	0	"transducin (beta)-like 2"	chr7	5	"Kulakovskiy 2013"	0	"Homo sapiens"	0.00001
RRP36	0	"ribosomal RNA processing 36"	chr6	4	"Kulakovskiy 2013"	0	"Homo sapiens"	0.00001
CNTNAP3B	0	"contactin associated protein-like 3B"	chr9	3	"Kulakovskiy 2013"	0	"Homo sapiens"	0.00001
KCNJ15	0	"potassium channel, inwardly rectifying subfamily J, member 15"	chr21	9	"Kulakovskiy 2013"	0	"Homo sapiens"	0.00001
TIMM8B	0	"translocase of inner mitochondrial membrane 8 homolog B (yeast)"	chr11	1	"Kulakovskiy 2013"	0	"Homo sapiens"	0.00001
PINLYP	0	"phospholipase A2 inhibitor and LY6/PLAUR domain containing"	chr19	5	"Kulakovskiy 2013"	0	"Homo sapiens"	0.00001
CHAF1B	0	"chromatin assembly factor 1, subunit B (p60)"	chr21	2	"Kulakovskiy 2013"	0	"Homo sapiens"	0.00001
ATG3	0	"autophagy related 3"	chr3	2	"Kulakovskiy 2013"	0	"Homo sapiens"	0.00001
TAAR2	0	"trace amine associated receptor 2"	chr6	3	"Kulakovskiy 2013"	0	"Homo sapiens"	0.00001
C9orf153	0	"chromosome 9 open reading frame 153"	chr9	6	"Kulakovskiy 2013"	0	"Homo sapiens"	0.00001
HIST1H1C	0	"histone cluster 1, H1c"	chr6	1	"Kulakovskiy 2013"	0	"Homo sapiens"	0.00001
SPATA8	0	"spermatogenesis associated 8"	chr15	3	"Kulakovskiy 2013"	0	"Homo sapiens"	0.00001
CPS1	0	"carbamoyl-phosphate synthase 1, mitochondrial"	chr2	5	"Kulakovskiy 2013"	0	"Homo sapiens"	0.00001
TLX1	1	"T-cell leukemia homeobox 1"	chr10	4	"Kulakovskiy 2013"	53	"Homo sapiens"	0.00001
OR4D9	0	"olfactory receptor, family 4, subfamily D, member 9"	chr11	2	"Kulakovskiy 2013"	0	"Homo sapiens"	0.00001
ACBD3	0	"acyl-CoA binding domain containing 3"	chr1	4	"Kulakovskiy 2013"	0	"Homo sapiens"	0.00001
KDM2B	0	"lysine (K)-specific demethylase 2B"	chr12	5	"Kulakovskiy 2013"	0	"Homo sapiens"	0.00001
NUDT9	0	"nudix (nucleoside diphosphate linked moiety X)-type motif 9"	chr4	4	"Kulakovskiy 2013"	0	"Homo sapiens"	0.00001
CCDC158	0	"coiled-coil domain containing 158"	chr4	2	"Kulakovskiy 2013"	0	"Homo sapiens"	0.00001
BNIPL	0	"BCL2/adenovirus E1B 19kD interacting protein like"	chr1	2	"Kulakovskiy 2013"	0	"Homo sapiens"	0.00001
IKZF2	0	"IKAROS family zinc finger 2 (Helios)"	chr2	5	"Kulakovskiy 2013"	0	"Homo sapiens"	0.00001
TXNL4B	0	"thioredoxin-like 4B"	chr16	3	"Kulakovskiy 2013"	0	"Homo sapiens"	0.00001
SLC7A7	0	"solute carrier family 7 (amino acid transporter light chain, y+L system), member 7"	chr14	5	"Kulakovskiy 2013"	0	"Homo sapiens"	0.00001
SRP68	0	"signal recognition particle 68kDa"	chr17	2	"Kulakovskiy 2013"	0	"Homo sapiens"	0.00001
TSPAN15	0	"tetraspanin 15"	chr10	7	"Kulakovskiy 2013"	0	"Homo sapiens"	0.00001
TAF6	0	"TAF6 RNA polymerase II, TATA box binding protein (TBP)-associated factor, 80kDa"	chr7	3	"Kulakovskiy 2013"	0	"Homo sapiens"	0.00001
ASB4	0	"ankyrin repeat and SOCS box containing 4"	chr7	2	"Kulakovskiy 2013"	0	"Homo sapiens"	0.00001
CRTAP	0	"cartilage associated protein"	chr3	1	"Kulakovskiy 2013"	0	"Homo sapiens"	0.00001
TDRD9	0	"tudor domain containing 9"	chr14	1	"Kulakovskiy 2013"	0	"Homo sapiens"	0.00001
SV2C	0	"synaptic vesicle glycoprotein 2C"	chr5	4	"Kulakovskiy 2013"	0	"Homo sapiens"	0.00001
ADH1A	0	"alcohol dehydrogenase 1A (class I), alpha polypeptide"	chr4	1	"Kulakovskiy 2013"	0	"Homo sapiens"	0.00001
TTC27	0	"tetratricopeptide repeat domain 27"	chr2	2	"Kulakovskiy 2013"	0	"Homo sapiens"	0.00001
KRT77	0	"keratin 77, type II"	chr12	1	"Kulakovskiy 2013"	0	"Homo sapiens"	0.00001
FAM169A	0	"family with sequence similarity 169, member A"	chr5	4	"Kulakovskiy 2013"	0	"Homo sapiens"	0.00001
PPIAL4B	0	"peptidylprolyl isomerase A (cyclophilin A)-like 4B"	chr1	1	"Kulakovskiy 2013"	0	"Homo sapiens"	0.00001
KLK4	0	"kallikrein-related peptidase 4"	chr19	1	"Kulakovskiy 2013"	0	"Homo sapiens"	0.00001
TMEM252	0	"transmembrane protein 252"	chr9	1	"Kulakovskiy 2013"	0	"Homo sapiens"	0.00001
FCGR1A	0	"Fc fragment of IgG, high affinity Ia, receptor (CD64)"	chr1	1	"Kulakovskiy 2013"	0	"Homo sapiens"	0.00001
ASL	0	"argininosuccinate lyase"	chr7	5	"Kulakovskiy 2013"	0	"Homo sapiens"	0.00001
MGEA5	0	"meningioma expressed antigen 5 (hyaluronidase)"	chr10	3	"Kulakovskiy 2013"	0	"Homo sapiens"	0.00001
IPO7	0	"importin 7"	chr11	3	"Kulakovskiy 2013"	0	"Homo sapiens"	0.00001
ANKS4B	0	"ankyrin repeat and sterile alpha motif domain containing 4B"	chr16	2	"Kulakovskiy 2013"	0	"Homo sapiens"	0.00001
DEFB134	0	"defensin, beta 134"	chr8	1	"Kulakovskiy 2013"	0	"Homo sapiens"	0.00001
ZER1	0	"zyg-11 related, cell cycle regulator"	chr9	2	"Kulakovskiy 2013"	0	"Homo sapiens"	0.00001
RHPN2	0	"rhophilin, Rho GTPase binding protein 2"	chr19	5	"Kulakovskiy 2013"	0	"Homo sapiens"	0.00001
NPEPPS	0	"aminopeptidase puromycin sensitive"	chr17	4	"Kulakovskiy 2013"	0	"Homo sapiens"	0.00001
ATP1B2	0	"ATPase, Na+/K+ transporting, beta 2 polypeptide"	chr17	5	"Kulakovskiy 2013"	0	"Homo sapiens"	0.00001
PROS1	0	"protein S (alpha)"	chr3	2	"Kulakovskiy 2013"	0	"Homo sapiens"	0.00001
RARB	1	"retinoic acid receptor, beta"	chr3	4	"Kulakovskiy 2013"	49	"Homo sapiens"	0.00001
ZNF16	0	"zinc finger protein 16"	chr8	6	"Kulakovskiy 2013"	0	"Homo sapiens"	0.00001
THAP10	0	"THAP domain containing 10"	chr15	2	"Kulakovskiy 2013"	0	"Homo sapiens"	0.00001
PSMD8	0	"proteasome 26S subunit, non-ATPase 8"	chr19	2	"Kulakovskiy 2013"	0	"Homo sapiens"	0.00001
ZNF808	0	"zinc finger protein 808"	chr19	6	"Kulakovskiy 2013"	0	"Homo sapiens"	0.00001
OR10J5	0	"olfactory receptor, family 10, subfamily J, member 5"	chr1	1	"Kulakovskiy 2013"	0	"Homo sapiens"	0.00001
DYNAP	0	"dynactin associated protein"	chr18	3	"Kulakovskiy 2013"	0	"Homo sapiens"	0.00001
CYP7B1	0	"cytochrome P450, family 7, subfamily B, polypeptide 1"	chr8	3	"Kulakovskiy 2013"	0	"Homo sapiens"	0.00001
FBXO2	0	"F-box protein 2"	chr1	3	"Kulakovskiy 2013"	0	"Homo sapiens"	0.00001
LRRIQ1	0	"leucine-rich repeats and IQ motif containing 1"	chr12	2	"Kulakovskiy 2013"	0	"Homo sapiens"	0.00001
PRPF4B	0	"pre-mRNA processing factor 4B"	chr6	2	"Kulakovskiy 2013"	0	"Homo sapiens"	0.00001
EMILIN2	0	"elastin microfibril interfacer 2"	chr18	4	"Kulakovskiy 2013"	0	"Homo sapiens"	0.00001
MESDC1	0	"mesoderm development candidate 1"	chr15	2	"Kulakovskiy 2013"	0	"Homo sapiens"	0.00001
CPNE8	0	"copine VIII"	chr12	3	"Kulakovskiy 2013"	0	"Homo sapiens"	0.00001
NPR3	0	"natriuretic peptide receptor 3"	chr5	4	"Kulakovskiy 2013"	0	"Homo sapiens"	0.00001
WDR7	0	"WD repeat domain 7"	chr18	3	"Kulakovskiy 2013"	0	"Homo sapiens"	0.00001
NME7	0	"NME/NM23 family member 7"	chr1	1	"Kulakovskiy 2013"	0	"Homo sapiens"	0.00001
PHF21B	0	"PHD finger protein 21B"	chr22	6	"Kulakovskiy 2013"	0	"Homo sapiens"	0.00001
UBR2	0	"ubiquitin protein ligase E3 component n-recognin 2"	chr6	4	"Kulakovskiy 2013"	0	"Homo sapiens"	0.00001
PREX1	0	"phosphatidylinositol-3,4,5-trisphosphate-dependent Rac exchange factor 1"	chr20	4	"Kulakovskiy 2013"	0	"Homo sapiens"	0.00001
ANXA1	0	"annexin A1"	chr9	2	"Kulakovskiy 2013"	0	"Homo sapiens"	0.00001
CERS1	0	"ceramide synthase 1"	chr19	6	"Kulakovskiy 2013"	0	"Homo sapiens"	0.00001
ZSWIM8	0	"zinc finger, SWIM-type containing 8"	chr10	2	"Kulakovskiy 2013"	0	"Homo sapiens"	0.00001
WBSCR28	0	"Williams-Beuren syndrome chromosome region 28"	chr7	3	"Kulakovskiy 2013"	0	"Homo sapiens"	0.00001
PRAM1	0	"PML-RARA regulated adaptor molecule 1"	chr19	5	"Kulakovskiy 2013"	0	"Homo sapiens"	0.00001
SYNGR2	0	"synaptogyrin 2"	chr17	5	"Kulakovskiy 2013"	0	"Homo sapiens"	0.00001
DCDC2	0	"doublecortin domain containing 2"	chr6	2	"Kulakovskiy 2013"	0	"Homo sapiens"	0.00001
UBE2D4	0	"ubiquitin-conjugating enzyme E2D 4 (putative)"	chr7	4	"Kulakovskiy 2013"	0	"Homo sapiens"	0.00001
ANK3	0	"ankyrin 3, node of Ranvier (ankyrin G)"	chr10	7	"Kulakovskiy 2013"	0	"Homo sapiens"	0.00001
ZNF816-ZNF321P	0	"ZNF816-ZNF321P readthrough"	chr19	1	"Kulakovskiy 2013"	0	"Homo sapiens"	0.00001
OR4E2	0	"olfactory receptor, family 4, subfamily E, member 2"	chr14	1	"Kulakovskiy 2013"	0	"Homo sapiens"	0.00001
AQP3	0	"aquaporin 3 (Gill blood group)"	chr9	2	"Kulakovskiy 2013"	0	"Homo sapiens"	0.00001
COL4A3BP	0	"collagen, type IV, alpha 3 (Goodpasture antigen) binding protein"	chr5	1	"Kulakovskiy 2013"	0	"Homo sapiens"	0.00001
ZBTB33	1	"zinc finger and BTB domain containing 33"	chrX	2	"Kulakovskiy 2013"	145	"Homo sapiens"	0.00001
AP1S3	0	"adaptor-related protein complex 1, sigma 3 subunit"	chr2	4	"Kulakovskiy 2013"	0	"Homo sapiens"	0.00001
MDGA1	0	"MAM domain containing glycosylphosphatidylinositol anchor 1"	chr6	4	"Kulakovskiy 2013"	0	"Homo sapiens"	0.00001
DKKL1	0	"dickkopf-like 1"	chr19	3	"Kulakovskiy 2013"	0	"Homo sapiens"	0.00001
C9orf41	0	"chromosome 9 open reading frame 41"	chr9	4	"Kulakovskiy 2013"	0	"Homo sapiens"	0.00001
MDH1B	0	"malate dehydrogenase 1B, NAD (soluble)"	chr2	1	"Kulakovskiy 2013"	0	"Homo sapiens"	0.00001
ITGB1BP2	0	"integrin beta 1 binding protein (melusin) 2"	chrX	1	"Kulakovskiy 2013"	0	"Homo sapiens"	0.00001
GDF5	0	"growth differentiation factor 5"	chr20	3	"Kulakovskiy 2013"	0	"Homo sapiens"	0.00001
OR6K3	0	"olfactory receptor, family 6, subfamily K, member 3"	chr1	2	"Kulakovskiy 2013"	0	"Homo sapiens"	0.00001
CCDC36	0	"coiled-coil domain containing 36"	chr3	5	"Kulakovskiy 2013"	0	"Homo sapiens"	0.00001
LNPEP	0	"leucyl/cystinyl aminopeptidase"	chr5	3	"Kulakovskiy 2013"	0	"Homo sapiens"	0.00001
SFMBT2	0	"Scm-like with four mbt domains 2"	chr10	6	"Kulakovskiy 2013"	0	"Homo sapiens"	0.00001
SLC44A2	0	"solute carrier family 44 (choline transporter), member 2"	chr19	3	"Kulakovskiy 2013"	0	"Homo sapiens"	0.00001
SQLE	0	"squalene epoxidase"	chr8	3	"Kulakovskiy 2013"	0	"Homo sapiens"	0.00001
SH3D21	0	"SH3 domain containing 21"	chr1	4	"Kulakovskiy 2013"	0	"Homo sapiens"	0.00001
MMP15	0	"matrix metallopeptidase 15 (membrane-inserted)"	chr16	4	"Kulakovskiy 2013"	0	"Homo sapiens"	0.00001
VDAC3	0	"voltage-dependent anion channel 3"	chr8	2	"Kulakovskiy 2013"	0	"Homo sapiens"	0.00001
ZNF480	0	"zinc finger protein 480"	chr19	5	"Kulakovskiy 2013"	0	"Homo sapiens"	0.00001
KLHL15	0	"kelch-like family member 15"	chrX	2	"Kulakovskiy 2013"	0	"Homo sapiens"	0.00001
SGIP1	0	"SH3-domain GRB2-like (endophilin) interacting protein 1"	chr1	3	"Kulakovskiy 2013"	0	"Homo sapiens"	0.00001
C10orf32	0	"chromosome 10 open reading frame 32"	chr10	2	"Kulakovskiy 2013"	0	"Homo sapiens"	0.00001
PLEK	0	pleckstrin	chr2	1	"Kulakovskiy 2013"	0	"Homo sapiens"	0.00001
FOXA3	1	"forkhead box A3"	chr19	3	"Kulakovskiy 2013"	179	"Homo sapiens"	0.00001
AFF4	0	"AF4/FMR2 family, member 4"	chr5	3	"Kulakovskiy 2013"	0	"Homo sapiens"	0.00001
MRPL34	0	"mitochondrial ribosomal protein L34"	chr19	2	"Kulakovskiy 2013"	0	"Homo sapiens"	0.00001
SLC25A6	0	"solute carrier family 25 (mitochondrial carrier; adenine nucleotide translocator), member 6"	chrY	2	"Kulakovskiy 2013"	0	"Homo sapiens"	0.00001
DCAF12	0	"DDB1 and CUL4 associated factor 12"	chr9	3	"Kulakovskiy 2013"	0	"Homo sapiens"	0.00001
WFDC5	0	"WAP four-disulfide core domain 5"	chr20	2	"Kulakovskiy 2013"	0	"Homo sapiens"	0.00001
DNAH5	0	"dynein, axonemal, heavy chain 5"	chr5	3	"Kulakovskiy 2013"	0	"Homo sapiens"	0.00001
TAB3	0	"TGF-beta activated kinase 1/MAP3K7 binding protein 3"	chrX	3	"Kulakovskiy 2013"	0	"Homo sapiens"	0.00001
ASF1A	0	"anti-silencing function 1A histone chaperone"	chr6	1	"Kulakovskiy 2013"	0	"Homo sapiens"	0.00001
KLHL34	0	"kelch-like family member 34"	chrX	1	"Kulakovskiy 2013"	0	"Homo sapiens"	0.00001
YBX2	0	"Y box binding protein 2"	chr17	4	"Kulakovskiy 2013"	0	"Homo sapiens"	0.00001
GRIA3	0	"glutamate receptor, ionotropic, AMPA 3"	chrX	4	"Kulakovskiy 2013"	0	"Homo sapiens"	0.00001
ANAPC7	0	"anaphase promoting complex subunit 7"	chr12	2	"Kulakovskiy 2013"	0	"Homo sapiens"	0.00001
GPR87	0	"G protein-coupled receptor 87"	chr3	5	"Kulakovskiy 2013"	0	"Homo sapiens"	0.00001
EAPP	0	"E2F-associated phosphoprotein"	chr14	3	"Kulakovskiy 2013"	0	"Homo sapiens"	0.00001
FAM159B	0	"family with sequence similarity 159, member B"	chr5	1	"Kulakovskiy 2013"	0	"Homo sapiens"	0.00001
NUDT11	0	"nudix (nucleoside diphosphate linked moiety X)-type motif 11"	chrX	1	"Kulakovskiy 2013"	0	"Homo sapiens"	0.00001
GCKR	0	"glucokinase (hexokinase 4) regulator"	chr2	2	"Kulakovskiy 2013"	0	"Homo sapiens"	0.00001
CXXC5	0	"CXXC finger protein 5"	chr5	4	"Kulakovskiy 2013"	0	"Homo sapiens"	0.00001
PCSK7	0	"proprotein convertase subtilisin/kexin type 7"	chr11	3	"Kulakovskiy 2013"	0	"Homo sapiens"	0.00001
EIF4A3	0	"eukaryotic translation initiation factor 4A3"	chr17	1	"Kulakovskiy 2013"	0	"Homo sapiens"	0.00001
FOXD4L5	0	"forkhead box D4-like 5"	chr9	2	"Kulakovskiy 2013"	0	"Homo sapiens"	0.00001
LCE6A	0	"late cornified envelope 6A"	chr1	1	"Kulakovskiy 2013"	0	"Homo sapiens"	0.00001
DHX29	0	"DEAH (Asp-Glu-Ala-His) box polypeptide 29"	chr5	1	"Kulakovskiy 2013"	0	"Homo sapiens"	0.00001
SRFBP1	0	"serum response factor binding protein 1"	chr5	1	"Kulakovskiy 2013"	0	"Homo sapiens"	0.00001
IL1RAPL1	0	"interleukin 1 receptor accessory protein-like 1"	chrX	4	"Kulakovskiy 2013"	0	"Homo sapiens"	0.00001
OR10A4	0	"olfactory receptor, family 10, subfamily A, member 4"	chr11	2	"Kulakovskiy 2013"	0	"Homo sapiens"	0.00001
PAQR7	0	"progestin and adipoQ receptor family member VII"	chr1	3	"Kulakovskiy 2013"	0	"Homo sapiens"	0.00001
CLEC18B	0	"C-type lectin domain family 18, member B"	chr16	3	"Kulakovskiy 2013"	0	"Homo sapiens"	0.00001
ZNF101	0	"zinc finger protein 101"	chr19	5	"Kulakovskiy 2013"	0	"Homo sapiens"	0.00001
IL23A	0	"interleukin 23, alpha subunit p19"	chr12	4	"Kulakovskiy 2013"	0	"Homo sapiens"	0.00001
OR2A1	0	"olfactory receptor, family 2, subfamily A, member 1"	chr7	2	"Kulakovskiy 2013"	0	"Homo sapiens"	0.00001
DCANP1	0	"dendritic cell-associated nuclear protein"	chr5	2	"Kulakovskiy 2013"	0	"Homo sapiens"	0.00001
CYBB	0	"cytochrome b-245, beta polypeptide"	chrX	3	"Kulakovskiy 2013"	0	"Homo sapiens"	0.00001
